19,1920,1980,1680,2040,1020,2280,1860,2220,2100,1860,1980,1440,2520,2460,1860,2400,2340,1440,1980,1440,2280,1560,1560,2340,1380,1680,1680,1920,2040,1980,2400,2460,1740,2940,2040,2280,1920,1980,1740,1920,1860,1140,2400,1920,2280,1980,2700,2160,1980,1560,1800,1740,2340,1620,1920
21,1920,2040,2040,2220,1860,1800,1980,2520,1920,1920,1680,1680,2400,2040,1980,2160,2340,1920,1980,2100,1980,1680,2340,1500,1980,1500,1860,1680,1860,2220,2340,2640,2220,2100,2340,2340,2220,1980,1800,2100,1680,1920,1620,2460,1800,2340,2400,2400,2040,1920,1440,1980,2280,1800,1860
23,1680,2100,2400,2400,2400,2100,1800,1980,2340,1440,1740,1860,1860,2340,1920,1980,2520,2040,1980,1740,2160,2340,1860,1860,1860,2340,2160,1860,2160,2040,2280,2700,2280,2220,2220,2160,2100,2160,2400,1680,2220,1980,1680,1560,2460,1920,2580,2580,2340,1680,2160,1200,2220,2160,1440
25,1680,1920,2400,2160,2340,2220,1500,2100,2160,1380,1860,2040,1620,2340,1560,2340,2100,1980,2100,1620,2280,2040,1680,1860,1860,2100,2160,2220,2220,2580,1980,2580,1920,2160,2640,1560,1980,2520,2400,1920,2100,2340,1500,1680,2040,2160,2400,2160,2340,1860,1500,1620,1800,2220,2160
27,1800,2280,2280,2340,2220,2100,1920,2160,1980,1740,1680,2040,1860,2460,1800,2280,2220,1920,2340,1440,2400,2160,1680,2160,1740,2460,1860,2400,2340,2760,2220,2100,2340,2220,2280,1560,2400,2460,2460,1920,2100,2280,1980,2460,1620,2340,1740,2220,2280,1980,1740,1620,1740,2400,2160
28,600,2160,840,1860,2280,780,2160,1140,2280,660,360,2400,360,2220,2220,720,1920,840,1680,540,2100,480,300,2280,2580,720,840,2400,2400,660,2160,840,2100,540,720,2220,2580,600,1620,540,780,2760,960,1860,480,2340,1620,720,2400,660,780,2220,2220,540,2820,780,2760,780,2460,1020,1980,600,420,1980,2460,1020,1860,720,960,2520,1620,420,840,2580,960,2400,1080,2640,480,2280,1860,960,2460,1080,2520,600,1080,2700,780,2100,2640,1020,2880,480,960,2400,780,2220,420,2340,2040,420,2220,360,2760,480,840,3060,900,2580
31,2760,2400,3300,3060,3060,2220,2760,3060,2460,2460,2220,2760,2940,3240,2760,3180,2400,3000,3120,2520,2580,3300,2760,2340,2760,3360,2700,3480,3360,3240,2520,2700,3120,2940,3060,2100,3300,3780,3420,2280,3180,3120,3480,3420,2760,2880,3300,3540,2940,2280,2520,2580,3660,3840,3420
34,2340,2700,3120,3300,3180,2460,2760,3120,2160,2280,2460,3000,3540,2580,2940,3120,2760,3120,2460,3000,3120,2760,2340,2820,2700,3420,3060,3480,3540,3000,2280,3240,3300,3300,2280,2700,3600,3660,3180,2400,3300,3000,3660,3480,3300,3000,3420,3540,2520,2400,2400,3240,3540,4140,3000
36,3600,4320,4020,4740,4020,3420,4080,4080,3540,3480,3840,3600,4620,3720,4020,4740,3540,4260,3240,4020,4080,3540,3540,3420,3960,4080,3420,4800,4500,3660,3300,4680,4380,3960,2580,3660,4680,4740,4020,3360,4500,4140,4680,4260,4680,4620,4260,4620,3660,3240,3420,4620,4440,5460,3960
40,3780,4140,4200,4500,3840,3540,4140,3900,3840,3600,3540,4080,4320,4140,4380,4200,3780,4380,2940,4440,3900,3540,3120,3540,4260,3480,4380,4800,4320,3360,3720,4500,3720,3840,2820,4440,4200,5100,3960,3660,4380,4140,4980,4500,4500,4440,4500,4020,3420,3660,3420,4740,4920,4680,3960
46,4440,3900,4200,3960,3480,4140,4080,3600,3900,3540,3660,4500,3600,4500,4380,3540,4200,3600,3720,3720,4140,3420,3000,3900,4500,3240,4860,4500,4020,3000,4260,4920,3480,3060,3480,4620,4740,4740,3420,4260,3780,4500,4800,4800,4080,4560,4740,3360,3540,3600,4500,4080,5640,3960,4200
52,5400,6060,5700,5040,6000,5400,5460,4860,6060,5340,5880,6240,6300,5760,6060,5640,6360,5460,5220,5820,5160,5220,5340,5460,5160,5820,6900,6360,5160,5400,6240,5700,6300,4800,5400,6180,6900,5880,6240,6180,6000,6360,6180,6720,6540,6540,6360,5940,4920,5100,6660,6660,6900,5400,6420
55,5280,6060,6060,4620,6420,5280,5280,5280,6120,5160,6240,6420,6480,5820,5760,5940,6660,4800,5460,6060,5940,4800,5400,6240,4320,6780,6540,6300,4800,5820,6540,5160,6060,5220,6060,6120,6960,5580,6120,6780,6000,6180,6660,6540,6360,7200,5400,6000,5700,5160,6540,7020,6720,5760,5820
58,1860,2820,1740,2460,1920,2220,2460,1260,2880,2520,3120,2040,2940,2220,1980,3000,2160,1920,1920,1380,2580,1440,1920,3060,1320,2340,2460,1800,1740,2460,2160,2100,2160,1860,2700,3000,2520,2520,2580,1680,2580,3000,2760,1920,3120,2580,1800,2580,2160,2100,2220,3420,2160,1800,2340
63,2580,2400,2280,2280,1980,1680,2400,1980,2700,2940,2340,2820,2100,2280,2160,2760,2340,1500,2100,1680,2100,1740,2220,2280,1560,2700,1800,1860,1680,2100,2280,2520,1740,2400,3120,2340,2460,2820,2340,2040,3060,2760,2580,2160,2880,2160,2640,1620,2520,2160,3120,2280,2100,2100,1980
68,2640,2040,2220,1980,2040,2460,1680,2400,2460,2880,2400,2940,2160,2340,2640,2400,1680,1920,1680,2160,1800,1860,2760,1680,2100,2400,1920,1920,2160,2040,2160,2580,1860,2400,2760,2520,2340,2460,2400,2280,2640,2820,2280,2640,2880,1860,2640,2100,2100,2040,3480,2160,1860,2040,2400
70,2700,1860,2100,2220,2160,2400,1500,2700,2400,3000,2160,2940,2160,2280,2700,2400,1740,2040,1260,2460,1680,1860,2880,1560,2160,2400,1920,1920,2160,2400,2100,2220,1980,2640,3000,2400,2640,2220,2160,2640,2640,2640,2340,2400,3060,1500,2640,1920,2100,1980,3540,2100,2040,2160,2160
74,2700,4800,4500,1620,3480,2640,1740,2880,2940,2100,4860,2520,2760,1560,2880,3480,2340,3780,3300,3960,2160,3780,2640,3840,4080,2280,3420,2280,3000,2580,2160,3960,1680,3000,3660,2040,1560,2640,3480,2580,3300,1320,3720,1800,2580,4260,3000,1680,2460,3720,4800,2280,3540,1740,1680,3420,2700,3960,3300,2100,4800,2340,4440,1980,5220,1860,3060,3120,3900,2580,2700,3000,2460,3840,3960,2520,3120,1860,2760,4680,4020,3060,4500,2520,4380,2220,3000,4200,2640,4500,2040,3960,3300,2100,2340,3420,4020,2340,3540,2100,3900,3060,4260,1980,1920,3600,2460,4020,2220,3600
78,4440,3180,1860,3300,2880,2820,3180,1680,3120,2460,2400,4140,2340,1980,3780,2820,3600,3600,2580,3180,2880,3720,3720,2700,2820,2880,2760,2160,3000,3120,3600,2940,2640,1740,2640,2280,2940,1980,3120,3360,2040,2340,4140,3420,2820,2340,2940,1680,3840,3120,3420,3000,3720,2460,1440,3480,3480,2460,3360,2640,2700,4560,3720,2220,2520,4740,3420,2940,3420,2280,3180,2700,3420,3360,3540,2520,3180,1860,3780,3720,2700,4200,3240,3720,3600,2640,4020,3480,3540,2460,3540,3000,3420,1740,3240,2400,3000,3240,3720,3300,3300,3000,2580,3300,2340,3060,2460,3360,2820,2880
83,5580,5760,5580,3900,3120,6120,3960,4740,5460,6120,5460,5640,5760,5160,5280,4920,4680,4620,3660,4560,4860,4560,5640,3840,4920,6480,4260,5040,4080,4860,5460,5520,4920,4920,5220,4860,4560,5640,5400,4860,6720,5700,5760,6480,6420,5340,4860,4680,4860,4920,6360,5040,5220,5160,4980
88,5400,5100,4200,3360,6420,3420,5640,5340,6180,5280,5280,5580,5280,5280,5100,4260,4920,3420,5040,4200,4740,5400,3840,5340,6060,4740,4920,4320,4740,5640,5100,5520,4680,4800,4620,5640,5100,4260,6540,6660,5340,5700,6120,6540,5100,4680,4800,6060,4140,6240,5700,4860,5220,5700,4020
93,6720,5220,5100,4260,5460,5880,4080,6780,6840,5940,6120,5820,6000,4920,5640,5940,4440,5400,4560,5760,5220,6240,4860,4560,7260,5940,4980,4560,5820,5700,6180,5760,6120,5340,5640,5460,6000,5820,5160,7380,7320,6240,6420,7440,6600,6300,4980,5460,5520,6840,6480,5940,5880,5820,6180
98,5400,5340,3720,7020,4560,5100,6420,7020,5880,5820,6360,5700,6300,4920,5640,4980,4440,5640,5520,5700,6360,4980,4740,7500,4860,5460,4500,6060,6660,5280,5640,5820,5940,4980,6000,6180,6360,5700,7740,6000,6540,7260,8160,6060,4920,5340,5520,5880,6900,6480,6000,6600,5340,5520,5880
103,6120,5460,4680,3660,7440,3720,5760,6540,6240,6000,5520,5340,5820,5880,5220,4620,5460,4500,5220,5520,5220,5880,4680,6120,5340,4860,5580,4740,6060,5700,5760,5760,5640,5820,4920,6480,5700,5280,7080,7080,5820,6420,7440,7020,6060,5040,5580,6000,5220,6660,5880,5700,5520,6420,4740
108,5160,5400,4560,4620,5820,4200,6480,6420,6180,5700,6000,5700,5340,5460,5760,4320,5160,4560,5520,5160,6060,4800,4800,6960,5400,4860,4680,5280,5940,5280,6540,5520,5400,5460,5040,6420,5460,6060,6660,6600,6120,6900,7260,6600,5640,4680,5640,6540,6420,5760,6300,5400,5940,5640,5460
113,5220,4860,3840,6180,4920,4680,6240,6960,5340,5820,5340,5580,6180,4620,5760,5160,4560,4800,5640,5220,5820,4800,4800,6960,4920,4800,4560,5880,6720,4680,5640,5880,5280,5820,5700,6240,6120,6060,7200,6120,6540,7020,7080,6720,4980,5100,5400,5640,6660,6120,5820,6600,5400,5580,5820
117,5100,5460,3720,7200,4140,5700,7020,6240,6000,5760,5820,5940,6300,4920,5340,5280,4920,4920,5640,6180,5760,4980,5520,6120,5040,5160,4860,6000,6540,5340,5940,5400,6000,4740,7140,5580,6600,6720,6900,6000,6900,7560,6240,6300,5040,5460,6420,5520,6600,5880,5940,6360,5760,5040,5760
122,5160,4080,6960,4020,6360,6840,6600,5760,6060,5940,5520,5880,5520,5400,4980,4800,5760,5640,5640,5460,4860,7140,4800,5220,5340,5160,6480,5160,7320,4800,5640,6000,4620,7560,6840,7140,6540,7080,6060,6240,6300,6840,5460,5640,5220,6840,6720,5820,6420,5700,5820,6180,5760,4920,5760
125,4560,5160,6120,4560,6300,6900,6360,5520,6060,5880,5940,5400,5940,5160,4560,5220,6000,5580,5640,4860,5220,6960,5520,4800,4980,5880,6420,4800,6900,5040,5640,5820,5580,6000,7440,6660,7500,6720,6360,5520,6600,7260,4680,5280,5760,6660,6660,5880,6480,5760,5700,5760,6300,4560,5580
130,3240,4860,3180,3300,5400,4860,4680,3900,4080,5040,5100,3480,4620,4260,3120,3420,4260,4560,4740,4140,3480,5220,3840,3900,3360,4800,4740,3780,4140,3840,3960,4200,4920,5040,4620,4740,4560,4800,4920,4320,4320,4860,3780,3480,5400,4200,4500,4860,5280,4020,4320,4380,4500,3540,4140
135,3360,4380,3120,3960,5700,4560,4500,3960,4380,4800,4740,3900,4080,3840,3180,4020,4020,4680,4800,3480,4560,4320,3720,4080,4320,4620,4500,3960,4020,3660,4020,3360,5820,5220,4260,4560,4920,4380,4740,4440,4860,4500,3060,3840,5460,4620,4740,4620,4440,4740,3960,4200,4560,3600,4080
141,3600,4500,3420,3960,5760,4500,4140,3720,4860,5100,3840,4680,4320,3420,2820,4500,4620,4380,4080,3720,5040,4080,3900,3780,4380,4980,3660,4140,3840,3840,4200,4020,5040,5160,4680,4740,4980,4560,4800,4020,5700,3420,3300,4740,4320,5160,4440,5100,3960,4620,4440,4380,3840,4620,3360
146,4560,3240,3720,4980,4680,4920,3960,4560,4620,4920,3840,4320,4620,3000,3240,4560,4140,4560,4020,4140,4680,4320,3480,3720,4860,4740,3720,4200,3840,3780,4560,4860,5100,4500,4080,5340,4500,4440,4560,4500,4860,3720,3120,5580,4380,4560,4800,5100,4140,4140,4500,4680,3660,3960,3720
151,4380,3360,3540,6060,4620,4500,3660,4260,5220,4260,60,4200,4020,3300,3720,4500,4560,4200,3480,4500,4440,3660,3840,4260,4560,4320,4200,3960,3480,3900,3600,5520,5160,4500,3840,5520,4200,4740,4380,5100,4440,3120,3600,5340,4980,4440,4680,4680,4320,3780,4140,4440,3900,3840,4620
156,2880,2580,3060,3780,3300,2820,2580,3660,3300,3360,3360,3000,2040,2880,3000,3060,3240,3180,2700,4140,3480,2700,2940,3180,3660,2760,2580,2940,2520,3600,2520,3600,3720,2700,3180,3960,2700,3840,4080,3060,3000,2760,3000,3300,3840,3420,3300,2940,3420,3240,3480,3000,3000,2580,3300
158,2820,2520,3120,3660,3300,2820,2880,3360,3960,2820,3240,3180,2340,2220,3420,2940,3300,3000,2700,4260,3360,3060,2460,3120,3900,2760,2700,2700,2580,3660,3060,3300,3300,2820,3300,3840,2700,4200,3840,3000,3060,2940,3360,2880,3840,3420,3240,2700,3660,3420,3300,2820,3060,2760,3360
160,2700,2640,3120,3540,3420,2700,3360,60,3660,2940,3120,3360,2220,2040,3360,3180,3480,2700,2880,4500,3240,2760,2820,2940,3900,2460,2880,2580,2880,3300,3360,3120,3420,2700,3960,3480,2940,4140,3540,3120,2940,3000,3360,2940,4080,3060,3300,2880,3540,3660,3300,2880,2880,2880,3000
164,3120,3300,4200,3720,4380,3000,3480,3780,3600,3780,3180,3720,2640,3180,3600,120,4260,3120,3360,4320,3960,2760,3360,3840,4080,3000,3300,2880,3300,3900,4260,3540,3480,2640,5280,3420,3600,4620,4320,3600,3540,3000,4020,4800,3600,3900,3840,3540,3660,3300,4080,3420,3000,3540,3600
170,4380,3660,5520,4200,4200,3360,4020,4680,4380,3960,4140,3240,3780,3540,4260,4560,4440,3600,4500,4740,3420,4140,4020,4320,4320,3720,4080,3420,4800,3180,5100,4560,3840,3600,5460,4380,4920,5040,4740,3900,4200,3840,4680,5280,4860,4140,4260,4680,4380,4020,5280,3780,3900,4140,4380
176,3840,4020,5040,4800,3660,3780,4320,4320,4260,3900,4620,3000,3060,4140,3900,5220,4020,3420,5280,4080,3780,4260,3780,5220,3240,3720,4140,4020,4200,4500,4500,3900,4020,4560,5160,3900,5460,5100,3900,4020,4440,4920,4260,5100,4620,4260,4140,4800,4440,4440,4800,3240,4500,4020,4500
184,3180,4200,2700,4200,2880,3060,4260,3120,3900,2880,3900,2820,2880,3660,3960,4380,3000,3060,4320,2880,3480,3120,3960,3180,3120,3420,3420,3780,2940,4200,3180,3780,3180,4800,3480,3900,4020,4200,3060,3660,3000,3480,4320,3420,4260,2880,3180,3840,3120,4680,3060,3360,3360,3900,2940
189,3900,5100,4080,4740,3900,4620,4200,4440,4200,4320,3960,3600,3780,4560,5160,4320,3420,4560,4680,4080,4320,3720,5580,3720,3660,4440,3960,4980,3540,5700,3960,4320,4320,5580,4080,4920,5400,4320,4260,4080,4200,5040,4200,5220,4500,3720,4980,4800,4140,4800,3600,4680,4020,5160,4560
193,4620,4260,5100,4380,4020,4980,4200,4680,3900,4800,3780,3720,4020,4260,5400,4440,3900,5040,4800,4080,4560,4020,5580,3360,3660,5220,3960,5040,4800,4740,4680,4200,4980,5400,4560,4980,5340,4740,4200,4140,5100,5520,3480,5820,4140,4680,4980,4260,5040,4740,3840,5160,4860,4680,5040
196,4920,3540,4740,4680,4020,5100,4320,4860,3780,4680,3480,3960,4200,4140,5880,3780,3600,5820,4200,4020,4920,4260,4860,3540,4020,4500,4620,4440,5280,4320,4800,4200,5340,5040,4620,5520,4920,4680,4020,4020,5400,5520,3900,5340,3840,4740,5220,4200,5640,4020,3660,5580,5100,4620,4680
201,4860,3780,5160,4320,4020,4980,4620,4380,3420,4920,3240,4080,4380,5160,5340,3360,4020,5760,3900,4320,4500,5220,3540,4020,4380,4500,5160,4080,5340,4020,4920,4140,5460,4740,4740,5220,5400,3900,4560,4380,4920,4860,4680,5400,4020,4440,5340,4500,5340,3720,4440,4860,5400,4140,5460
205,4920,3900,5220,4380,4380,4680,4380,4320,4020,4500,3360,4200,4020,5820,4620,3660,4620,4920,4320,4800,3660,5820,3420,3960,4500,4200,5400,4080,5400,4440,4560,4320,5640,4320,4800,5220,5520,4020,4320,4680,5160,4320,4860,4800,4380,4560,4980,4740,4920,3960,4860,4440,5400,4500,5100
208,4380,4680,4620,4020,4860,4200,4500,4140,4740,3960,3660,3840,4740,5340,4200,3540,5220,4620,4380,4500,4140,5520,3360,3960,4860,3900,4980,4560,5340,4260,4200,4560,5760,4320,4920,5280,5100,4020,4440,4980,5640,3360,5340,4320,4860,4500,4500,5340,4500,4080,5040,4860,4620,5160,4860
213,3840,5040,4560,3840,5520,4080,4560,3840,4860,3480,3840,4560,4500,5580,3720,3840,5820,3840,4260,4680,4740,4260,3840,4020,4440,4980,4260,5220,4140,4560,4740,5700,4620,4620,5340,5100,4680,3780,4140,5700,5160,4320,5400,3480,4680,5040,4320,6060,3360,4200,5340,5520,4260,4620,5580
219,3840,5220,4380,4200,4920,4620,4680,3480,4920,3360,3600,4380,5520,5160,3420,4560,5040,4020,4620,4140,5400,3480,3960,4680,4440,4680,4500,4920,4500,4980,4320,5400,4680,4680,5160,5640,3780,4440,4740,5220,4620,4440,5460,4500,4140,5220,4800,5160,3540,5160,4680,5400,4500,5220,4860
225,4380,4680,4320,4980,3960,4620,3600,4500,4320,3600,3780,4620,5520,4140,3480,4800,4800,4140,4680,4560,4680,3300,4380,4020,4560,4380,4740,5100,4260,4440,4320,5580,4320,4740,5340,4860,4140,4200,5100,5280,3720,4980,4320,4800,4560,4380,5460,4140,4320,5160,4980,4260,4860,5220,4380
230,3420,2760,3060,3540,2460,2580,2640,3900,2580,2580,3120,4140,3360,2580,2160,4020,2640,3060,3120,3300,2820,3180,3180,2820,3120,3120,3600,3300,2760,2820,3840,3300,3180,3480,3420,3240,2640,2760,3660,3300,3300,3660,2400,3420,3120,3000,4620,2700,3060,3480,3780,2520,3600,4020,3420
234,3480,3240,3480,3120,3300,2820,3000,4140,2220,2880,3420,4260,3900,2340,2880,3900,3180,3000,3480,3780,2940,2880,4200,2700,3480,3420,3960,3420,3240,3240,4080,3600,3900,3660,4380,3000,3180,2700,4620,3180,3600,3660,3300,3060,4020,3120,4380,2700,3780,3360,4020,4140,3840,3780,3600
240,3660,3300,3540,3120,3240,3120,3240,3600,2340,3120,3720,3720,3720,2400,3420,3720,3540,3120,3600,3780,2580,3540,3480,2880,3360,4020,3720,3060,3420,3720,4320,3660,3420,4560,3900,3000,3120,4260,3960,2700,3780,3360,3660,3180,3900,3660,3900,3540,3840,3600,3600,4440,3900,3960,2880
245,3060,3660,3840,2580,3240,3000,3960,3000,2700,3420,3660,3960,3120,2040,4080,3180,3780,3300,3600,3480,2940,3900,2880,3360,3120,4020,3780,3000,3480,4260,4260,3480,3840,4320,3480,2820,3660,3900,4080,3240,3480,3360,3420,3540,3540,4740,2940,3780,3720,3600,3840,4260,4320,3660,2700
251,3180,3660,3060,3240,3240,3120,3900,2340,2940,3360,4200,3660,2520,2640,4320,3120,3120,3540,3420,3360,3180,3900,2880,3360,3480,3900,3300,3360,3300,4320,3720,3840,3720,4200,3300,3300,3060,4440,3480,3120,3480,3720,3240,3900,3540,4440,2820,3780,3960,3780,4200,3840,4080,3600,2460
257,3480,3480,3000,3300,2700,3600,3600,2220,3300,3540,3660,3960,2400,3180,3840,3360,3600,3000,3540,3060,3360,3600,3240,3060,4140,3600,3240,3600,3600,3960,3840,3660,4320,3840,3180,3000,4140,4140,2820,3660,3660,3240,3360,3780,3480,4260,3480,3900,3720,3780,4320,3600,4080,3120,3060
262,3660,3540,2880,3300,3000,3600,3120,2520,3180,4140,3600,3360,2220,3900,3240,3720,3180,3720,3240,3180,3420,3420,3300,2760,4260,3420,3240,3360,4020,4260,3660,3780,4380,3360,2940,3720,3900,4020,3120,3420,3480,3420,3420,3780,4680,2880,4260,3360,3660,3960,4320,4020,3780,2820,3480
267,3540,3600,3000,3060,3000,3960,2760,2760,3240,4200,3840,2700,2700,3960,3180,3240,3720,3540,2880,3540,3720,2880,3660,3060,4200,3120,3240,3420,4200,3780,3720,3780,4440,3360,3000,3480,4140,3660,3240,3300,3660,3540,3240,3780,4920,2280,4380,3480,3660,4140,4080,4080,3660,2520,3540
274,7320,5340,3540,5580,6780,7140,4860,3960,6480,7140,7380,6660,5700,4920,6480,7320,4020,5760,5940,6360,4620,6600,6600,6660,5880,5940,6780,7200,5820,6060,6600,6660,7260,7560,6600,6360,4680,5100,6000,6540,7320,7080,5580,6780,6840,6480,5100,4920,5340,6900,6180,6660,6240,7080,7140
277,7380,7080,6180,3600,6300,7860,6360,5940,4860,7440,6960,7080,8340,5940,4980,7140,7380,5160,5460,7440,6900,4740,7620,7440,7500,6300,6120,7140,8640,4680,6480,8100,6720,7260,7860,7680,6240,5160,5040,7260,7860,7500,7440,6540,6540,8400,6300,4920,7020,6420,5700,6960,5400,7800,7920
279,4200,5520,5280,3720,3240,5400,5640,5700,4380,3480,5520,5700,6660,6360,3780,3660,5280,5340,2640,5400,6240,3600,3300,6540,7320,4920,3960,5340,6060,5520,3420,5640,5340,4980,6480,6960,4140,3540,3120,4260,5340,6000,7140,5040,3780,6240,5460,4260,4620,3540,4440,4020,5220,5460,6120
281,6600,5580,6480,5940,5520,3660,6600,6540,7080,4860,4800,6180,7740,7020,6360,3720,6180,6660,4980,6000,6000,6420,4680,6240,8100,6960,5580,5760,6360,7500,6360,5400,6720,5580,6900,7560,6720,5100,6240,4200,6060,6180,8040,7500,4980,6120,7500,6780,6120,5100,5280,5040,5460,5880,7080
285,7860,7560,6180,8040,7140,6240,5400,6480,8220,7740,4440,6060,7680,8700,9120,8100,5880,4920,8100,7620,6120,7380,7920,7440,6240,8340,7860,7320,6720,7140,8280,7560,6180,7080,7560,7560,7140,9120,7740,6360,5400,6480,7980,8520,8940,7020,5880,8580,8820,7500,4920,5820,5520,6600,7380
289,4560,4560,5700,6060,5400,5160,4980,4500,4860,5280,5280,3660,4080,5520,5700,5820,5400,4920,3840,5580,5400,5100,5580,5880,5280,4680,5640,6840,5700,4620,5820,5580,5160,4980,4980,5160,5340,6600,6480,4740,4680,4500,4440,5700,6780,5880,4500,5280,6300,6000,5460,4140,4200,4380,4920
293,5580,5340,6300,6420,6660,5700,6000,5340,4680,3720,5760,5760,4020,4500,4740,5040,5340,6300,5760,5160,5460,6540,6480,4980,5940,5100,6420,5640,5940,7080,5100,4680,5820,5580,5880,3900,5820,6000,6000,6060,6000,5160,5760,3840,5280,6120,6360,6180,5220,6000,6420,5760,6000,4920,4800
296,6120,6180,7200,7080,6480,6720,6600,6300,5760,4080,4500,6120,6180,3660,5040,5160,5880,6120,6360,6120,5820,6780,7080,6480,5460,5280,7020,6240,5580,6960,6600,5100,5340,6720,5820,5520,4020,6660,6180,6540,6000,6660,6240,5520,4680,5940,6480,6900,6060,5520,6540,6300,7500,5820,4620
299,5700,7080,7080,7260,6300,6840,6540,6660,6540,5280,4020,5340,5760,5340,3840,5220,5760,5580,5760,6300,6780,6480,6540,6060,6480,6360,5160,6480,6960,5820,6540,6540,5340,5700,5700,6240,5940,3780,5940,6300,6000,6840,6180,6240,5160,5820,5760,7020,7080,5160,5160,6300,7260,7020,5580
304,5580,7500,6900,7080,7020,7560,5880,6420,6720,6720,6780,3420,3900,5040,5940,5700,3780,5820,5580,5880,6840,6720,6240,5640,7080,6660,6120,5400,5880,6840,6720,6000,6840,6000,4620,6540,6120,5700,4080,4140,6180,6060,6600,5880,6720,5820,5820,6240,7140,7020,6300,4740,5820,6360,6300
309,6120,7920,6600,6720,7440,7140,6180,6420,6900,7140,6480,6540,5580,3000,5220,5520,5880,4800,3540,6120,6180,6600,5640,6720,6720,6900,5280,6600,6840,5460,6540,7260,6540,6600,6540,4800,5520,6060,6480,5280,2460,4920,6000,6000,6540,6120,6420,6180,6720,6600,6660,6840,5520,4740,5940
314,7320,7620,6660,6180,8640,5880,6240,6540,7020,7080,6300,7560,6480,6000,5220,3420,5880,6000,5700,3600,3360,6000,6120,6360,6540,5940,6540,6960,6480,7620,6480,5760,5700,6900,6900,5760,6120,5700,5880,5820,6900,3720,2100,5160,6060,6240,6420,6000,6840,6720,7200,7020,5400,6180,6000
319,7620,7140,6960,7260,8220,5220,7080,6420,6900,7740,6180,7380,5940,6480,6240,5580,4860,4980,5640,5280,5160,3840,4440,5700,5940,6120,6660,7740,6420,7560,7620,5880,5820,6120,6300,6120,6180,5700,6240,5880,5820,5280,6240,3840,2880,5580,5880,5760,7080,7200,7320,6480,5880,5940,5880
325,8760,6060,6840,7860,6960,5760,6240,7440,7020,6840,6660,7500,6000,6720,6540,6420,6840,5040,5820,3660,5640,5880,4800,3660,4380,5940,7200,6660,7080,7560,7920,7260,6840,5760,5700,6000,5400,6540,6900,5580,4560,6060,6600,5100,4680,4020,3360,5640,6840,7140,7440,5760,6120,6960,6180
328,6720,5820,5520,7200,5820,4980,5940,6600,6180,6060,6960,6060,5040,5100,6480,5280,6540,5040,5220,4680,4320,5040,5400,4440,2880,3420,5280,5880,6240,6660,5880,6840,6540,5940,4980,5280,4680,4560,5340,5040,5400,3840,4620,4860,4620,4920,3420,2280,4260,5880,5340,5280,5640,7080,5880
331,6780,5580,5820,7080,5640,5580,5640,6180,6660,5820,6960,5760,5160,5640,6240,5280,5940,5640,4860,5100,5280,6000,4920,5160,3900,2700,3900,5340,6240,6360,6120,6840,6480,6600,5400,4860,5220,4860,4800,4860,6000,4860,3540,4020,4980,5400,4620,2820,2940,4620,5160,4920,6060,6900,6600
334,6180,6240,5880,7620,5400,6120,5880,6240,7140,5640,7500,6240,5640,6240,6780,5400,6420,6240,5340,5400,6600,6540,5460,5940,4920,3840,3180,4620,6300,6660,6420,7320,6780,7560,6360,5880,5400,5340,5460,6000,5820,5340,5340,4020,4740,6120,5340,5520,3600,3660,4860,5100,6360,7200,7620
337,5940,6180,6900,7620,4980,6480,6540,6540,8040,5940,7500,6480,6120,6600,6660,6060,6000,6720,5820,5580,7560,6000,6900,6360,5580,5340,2940,3180,5340,5880,6420,6960,8100,7620,7680,5760,5940,5460,5700,5880,5280,5940,5940,5160,5160,4560,6000,6360,5460,2340,3660,4620,6600,7020,7800
342,5700,6240,6240,6900,4920,5880,6360,6360,6780,6420,6780,5700,6000,6000,6180,6360,5280,6600,5580,5160,7740,4680,8100,7020,6240,5460,5220,4260,2520,3540,5580,6960,7200,6960,5820,6420,5400,5280,6060,5640,4500,5100,5640,5640,4440,5400,6240,5280,5220,5400,5220,2760,3780,6180,6480
348,6060,5460,6900,5760,6180,5880,6060,6660,6360,7200,5820,5820,5940,6300,5220,6840,5700,5700,5220,6060,6900,5880,6960,8160,6180,4740,5940,5400,5700,4740,2640,5160,6240,6960,4680,6420,4860,5640,6000,5460,4080,5820,5340,5160,4560,6180,6120,4500,5880,5280,6180,7140,5160,2280,4740
351,5580,5760,6960,5940,6180,5460,6240,6840,5880,7260,6240,5220,5940,6660,5280,6240,6000,5580,5220,7020,6120,6780,6840,7560,6120,4980,5280,6300,6000,5640,3420,4140,5520,6060,4200,6480,5040,5640,6300,5220,3720,5820,5640,5040,4800,5940,6060,4560,5700,5820,6660,6900,6780,5160,2040
354,5760,1560,1740,6060,6900,1620,5700,1260,1380,5700,2580,5700,6420,1680,1620,7200,1200,5640,6960,2880,1860,6180,2160,5460,1920,5820,1500,6600,5640,2100,5760,2760,1500,6180,5580,2100,5400,1740,2400,7140,2340,5820,7500,1860,6480,2220,1980,7440,1860,5760,5280,2040,1620,5340,2040,6480,6120,2160,1440,4740,4500,1860,5460,2640,2340,4980,2520,4440,4860,1860,2580,6600,1980,4920,5460,1980,1800,6240,5220,1740,1380,4620,5160,1080,1320,5220,5160,1740,4860,1800,6660,1740,2220,5220,4860,1680,5220,2160,6660,1080,2160,6360,7140,2820,6600,1920,6000,2340,4320,1980
358,7800,7860,7740,7020,7560,7740,8400,8520,7800,9000,7140,7800,8040,8160,7800,7500,8700,7260,7320,9120,7020,9840,9180,8520,7200,7500,7260,8580,7680,5760,7500,8280,6660,5760,8040,8280,6720,7740,7140,6660,6300,6240,6900,5880,7140,9060,5880,6900,7920,6540,10140,8820,9300,7260,5760
364,7620,7920,7980,6780,8640,7800,8100,7620,9420,8580,7320,8040,8100,7260,8820,7980,7620,7560,8040,9720,7740,9540,9600,7920,6660,7440,8760,7620,6720,6360,8100,8700,6300,5700,8760,7440,7680,7020,6960,6600,6000,6540,7080,6540,7560,8460,6540,7980,6480,7860,10680,8640,9360,7020,5760
370,7680,7740,7620,7380,8220,8220,8400,7620,9780,7440,7440,8460,8040,7800,8640,7680,7860,7080,9240,8220,9600,8940,9000,8520,6780,6720,9420,7800,6480,6720,8880,7740,5940,6240,9540,7140,6480,8640,6600,5340,7440,6840,6540,6540,8520,7620,6660,7680,7440,8940,9720,8520,8640,6960,5940
374,8040,7860,7080,7620,8040,8700,8040,8280,8760,7500,7740,7800,8280,8040,7740,8580,7140,7500,8580,8460,9720,8940,8760,8100,7080,7140,8520,8040,6000,7560,9240,6480,5700,7020,8700,7620,6540,8400,6960,5580,6660,6720,6360,6900,9360,6120,7500,6900,7320,10440,9060,8640,8340,6480,6060
377,7920,8220,6780,8220,8040,8400,7500,9060,8520,7380,7440,8340,7500,8100,7860,8040,7440,7980,9720,8340,9060,9240,7680,7080,8100,8100,7500,7860,5940,8340,8940,6660,4920,8460,8220,7740,6360,7500,7080,6360,6120,6720,6840,6960,9360,6000,7440,7680,7380,10020,9960,8280,7440,6300,6240
381,7500,8400,6540,8520,8460,7380,7980,9240,8520,6900,8100,8460,7500,8400,7620,7620,7440,8160,9900,8640,9060,8580,8040,6960,7740,8760,7200,6780,7440,7620,8280,6600,5580,8580,8100,7080,7260,6780,7380,6000,6000,7260,7140,6900,8880,6360,7620,7260,8460,10200,8760,8040,7380,6180,6480
385,7620,7320,7380,8460,8580,7560,7860,9480,7500,7440,8640,7860,7440,8700,8040,7320,7380,8760,8820,9120,8700,8460,8880,7020,6840,9480,7440,6120,7440,8940,7440,6360,5940,9060,7980,6300,7680,7140,5640,6240,6960,6840,6480,8460,7620,6840,7440,7080,9420,9660,8520,7920,7020,5940,7200
388,7440,7200,7620,8220,8400,7260,8820,8520,7380,7260,8880,8040,7800,8160,8340,6960,7680,9120,8760,9360,8640,8400,8160,7500,7440,7920,7680,6300,7680,9360,6780,5940,6360,8940,7740,6300,7920,7080,5400,7260,6660,6240,6780,9420,6540,7200,7620,7560,9660,9600,8220,8700,6360,5700,7920
392,6180,6780,8220,7860,7740,7440,8640,8220,7500,7620,8460,7740,8640,7500,7740,7740,7740,9780,7980,9540,8940,7980,7440,7680,7980,7440,7980,6060,7980,8880,6540,5640,7560,8160,8280,5820,8280,7020,5700,6360,7260,6540,6840,9360,5940,7620,7380,8040,9540,9300,8160,8040,6420,5820,8100
396,6000,7020,7140,6960,7140,7020,8400,8040,7140,7740,8280,7560,8280,7260,7260,7200,8640,9300,8280,8640,8880,7560,6600,7800,8700,6600,7140,7200,7740,7560,6360,4980,8700,7740,7140,6420,7260,7020,5940,5520,6720,7140,6720,9060,6000,6960,7140,8520,9060,9000,8040,7200,6300,6240,7800
401,6000,7920,6960,7320,6420,8280,7200,7680,7260,8460,7920,7800,7740,7560,7140,7260,8760,8880,9060,8220,8460,7080,7260,7860,7920,7500,5820,7920,8160,6780,6540,5280,8700,7740,6300,7560,7320,6300,5820,6120,6660,6840,7860,7380,6780,7140,6960,9420,8460,8580,7740,6720,6300,6780,7920
406,6900,7680,7860,7320,7560,7800,7920,7860,8340,8640,7980,8400,6900,8160,7500,8040,9660,9240,8940,9000,7860,7440,8040,7740,7800,7380,6600,8100,8580,7260,6420,6780,8520,8820,6120,6960,8460,5160,6600,7260,6780,7260,9300,6780,7140,7380,8100,9540,9240,8640,8640,6060,6120,7920,7980
412,7200,7920,7680,6420,8880,7980,8280,7320,8340,8280,7380,7860,6960,7800,7980,8880,9660,9480,8460,8820,8040,7200,7800,8700,6780,7740,7680,7980,7680,7440,5880,8100,8340,7740,6420,8100,7020,6180,6240,7260,6900,7860,9420,6300,6720,7800,9120,8700,9360,8280,7560,6480,6480,8040,7560
418,7320,7860,7920,6120,9060,9840,7080,7680,7380,7440,7080,7320,7500,7620,8640,8940,9000,9660,8700,8400,6900,7860,8220,8160,7440,6480,8880,8160,7380,6600,6120,8940,8340,6240,7080,8280,6480,6480,6180,7560,7560,7920,8460,7260,6600,7800,9480,8160,9420,8220,7080,6600,7260,7620,7200
421,7380,7740,6840,6780,9840,10380,6840,7740,7980,6660,6780,6720,7740,7620,8520,9060,9300,9060,9060,7860,6840,8280,8580,7620,7020,6780,8640,7920,7200,6960,6900,8220,8760,6480,6900,8880,5340,6660,6780,7140,7440,8400,7680,7140,7200,8340,9480,8580,9060,8100,7200,6300,7140,8580,5880
425,6900,8100,5700,7800,10380,9060,8160,8220,7620,6900,6420,7080,7020,7920,8640,8280,9180,8760,9840,7080,7680,7980,8460,7200,7320,7440,8100,7740,7440,6840,7620,8040,8400,6420,6720,8640,5520,6600,7080,6780,8160,8580,7020,6780,7980,8940,8460,9120,8220,8280,6900,5760,8040,8040,5820
430,7080,6480,5760,9120,9960,8820,8580,7980,6780,7200,6660,7680,6780,7800,7860,8760,9060,8640,9420,6480,7920,7920,8460,6660,7680,7740,8700,7020,7800,6240,7980,7800,7500,6900,7500,7440,5700,6600,7020,7200,8220,8580,6900,7020,8040,8640,8220,9480,8340,7740,6180,6840,8100,7320,6360
434,7260,5940,6900,9180,10080,8040,9360,7380,6540,7920,7020,7140,7080,7500,7620,8940,8760,9300,8700,6420,7980,8580,7560,6840,7500,8040,8460,7260,7200,5940,8580,8400,6600,6900,8640,6120,6120,6540,7800,7440,7800,8580,7020,7800,7980,8700,7920,9780,7560,7560,6420,7140,8220,6480,7560
438,5460,4020,6180,6900,7980,5700,6300,4860,5160,5580,5880,5820,4980,5220,5820,6540,6120,7500,5820,5100,6120,7020,5400,5160,5580,6540,5640,5100,4800,5520,5580,6360,4980,4020,6900,4380,4980,4620,5220,5820,6240,6060,5100,6180,6300,6300,6420,6600,5820,5520,4740,5520,6060,4080,6360
446,6240,5460,9480,10140,9480,8280,7500,6300,7500,7800,7260,9480,6060,7560,7080,8880,8640,8880,6420,8280,7920,7920,6780,7620,7260,9180,6900,7740,6240,7980,7860,7440,6480,7800,7200,5640,6780,7200,7620,8040,8160,6900,7620,8880,8520,6660,9780,8100,7680,6540,6240,9120,6600,7080,8820
452,5760,6840,10140,10320,7740,8460,7500,6960,7560,7260,7920,8520,6900,7320,7680,8100,8460,8820,5760,8100,9000,7260,6720,7620,8100,8100,6780,7320,6600,7920,8460,7620,5880,8760,5820,6060,6600,7680,7500,7980,8400,6900,7620,8820,8760,7380,9300,7320,7440,6540,7560,8760,5820,8820,7920
457,4260,7260,9360,8760,6900,7080,6420,6240,6240,7620,7680,6120,7440,5400,8100,6960,9000,6720,6780,7500,8580,5820,6180,7500,7680,6120,6960,5520,6060,6840,7560,6180,5160,7320,5040,5700,5400,6720,7560,6900,6420,6120,7740,8220,6660,7380,8280,6360,7320,4920,7440,7560,5280,8460,6660
458,720,420,720,600,720,660,900,900,1080,1200,1380,1020,960,600,540,660,1200,840,1560,720,960,1140,660,1080,960,1020,720,1020,900,1020,1200,1200,900,840,960,960,900,900,840,1740,600,1140,660,900,960,1200,960,1080,1140,720,540,600,360,780,900
462,5040,8040,9720,8100,7380,6660,6180,5340,7200,6780,8520,6060,6900,6300,7560,8160,8460,5880,8160,7380,8100,6120,6540,6720,8040,5940,7620,4560,7260,7380,7320,5220,6300,6720,4560,6900,5460,6720,7680,6960,6300,6660,8280,7800,5700,8880,7080,6960,6480,5820,7920,6660,7080,7320,6660
466,6420,9600,9840,7980,7980,6720,7080,6900,8460,8100,9480,6660,7260,7860,8280,9240,9060,6480,9660,8340,7740,6900,8340,7080,8700,7140,7980,6060,7560,8520,8400,5820,7200,7560,5820,7320,7260,7140,9480,7500,7020,7980,9660,8520,7560,9360,7500,8220,7200,6900,8580,6480,8460,7500,7980
470,7020,10260,9060,7980,7680,7260,7320,7380,8280,9060,7860,8220,6480,8040,8160,9780,8340,7260,8940,9540,7320,7080,8400,8220,7800,7740,7620,5640,7860,9240,7860,6480,7500,6240,6180,6960,7860,7740,8820,7620,7500,8340,9600,7740,8340,9240,7080,8580,6600,7920,8160,6060,9720,7080,7200
473,8100,9720,8940,8040,7560,7260,6660,7980,7800,8940,7020,8400,6180,8880,7920,9960,7200,8340,8340,9660,7020,6840,8040,8340,7500,7620,7440,6300,8280,7920,7560,6360,8220,5640,6540,6360,7560,9600,8040,6660,7440,8820,8700,7500,8880,9420,7140,8880,6300,8280,7380,6240,8940,7800,6420
480,9180,9180,8460,8940,6300,6780,6840,8580,7740,9360,7020,8100,7020,7680,9240,9120,7020,9300,8940,8820,6120,8340,7260,9120,6420,8520,6300,7020,8520,8280,6300,7200,7320,5820,7560,6660,7500,9540,7440,7260,8100,8940,8220,7980,9300,8040,8280,7200,6840,7920,7500,7320,8040,8220,5520
486,10020,8760,7800,7920,6960,7320,7500,8340,7980,8460,7440,6720,8100,7740,9600,8280,7200,9240,9060,7500,6780,8820,7800,7980,7440,7980,5160,7920,7980,8580,6600,6840,6600,6360,7260,7260,8700,8160,7560,7860,7920,8640,8040,8400,9120,7020,8580,6600,7980,7680,6780,9240,7080,7380,7680
493,8820,9120,8040,6960,7980,6360,8520,7740,9060,6540,8700,6900,8340,8640,9120,7500,8580,8580,9120,6420,7920,7440,8580,6960,7980,7860,6600,8220,7560,7320,6180,8340,6000,6420,7260,7260,9600,7740,8460,7800,7500,7980,8880,8760,7680,7740,8880,6360,8040,7620,7020,8520,8100,6000,8160
498,8520,8820,8820,6120,7680,7680,8340,7080,8940,6960,8100,7320,7320,10080,8220,6780,10500,7920,8160,6120,9660,6840,8520,6900,7800,6540,6780,8760,8100,6600,6780,7560,6120,7140,7200,7740,9060,8100,8460,7560,7740,7380,9480,8340,7680,7920,7620,7440,7740,7380,7620,7800,7860,6540,8220
501,8700,8400,8160,7020,7020,8580,8100,7680,8400,7740,7380,8520,7560,10260,7860,6660,10380,7860,8280,6780,9180,7260,8220,7140,8160,5880,8160,7560,8640,6360,7140,6960,6540,7200,7680,8220,8400,8520,8400,7140,8280,7740,8880,9360,7260,8220,6960,8220,7500,7200,8340,7620,7560,8160,7740
505,8940,6420,7560,6840,6660,8520,7020,7560,7380,7500,6840,7620,7800,8940,7080,7140,9060,7620,6840,7020,8040,6780,7740,7320,7500,5520,7500,7620,7800,6600,5820,6600,6240,6720,6780,8760,7500,8160,7560,6960,7680,7800,7680,8640,6900,7860,6180,7740,6480,6840,7800,7620,5880,8340,7380
508,7740,8040,6480,7380,6420,9180,6000,8460,6480,7920,6000,7800,8340,8640,6840,8700,7680,8220,5880,8460,6720,7320,7020,7500,7500,6120,7860,7200,7380,6060,7080,6240,6000,7020,6840,8580,7260,8040,7800,6660,7080,8820,7380,7560,7020,8220,6420,7560,7200,6540,7740,7560,5940,7680,7740
511,7860,7620,6120,7740,6720,8820,5880,8640,6540,7500,6600,7620,8880,7620,6960,9000,7440,8520,5700,8760,5880,8220,6660,7200,7200,5820,7620,7860,6780,6120,7320,6300,6000,7020,7620,7980,7860,7920,7500,6840,6480,8940,7080,7500,7440,8100,6780,7080,7380,6780,7380,7860,6420,7500,7080
517,7200,8400,5760,7380,7560,8400,6420,7800,6600,7740,7020,8100,9180,6600,6420,9540,7140,7620,6360,8580,6480,7860,7080,7560,5760,7680,7440,7560,6540,6780,6900,6240,6240,6840,8220,7500,8280,7860,6660,7560,7320,7680,8100,7260,7500,7200,7920,5940,7200,7440,7560,6840,7860,6660,6480
521,4620,4740,4440,4140,6060,4740,4800,4680,4860,4800,4980,5220,5940,4260,4620,5640,5280,4320,4620,5220,4680,5280,4320,5220,3420,4740,4500,4740,4260,3840,4080,4080,4260,4800,5340,5460,5520,4800,4140,5760,4920,4260,5340,4500,5400,4080,4920,4260,4440,4800,5340,4200,5280,4320,3720
524,7500,7680,7680,7020,9660,6900,8160,6840,8280,7560,7620,8760,9120,7320,8460,8760,8520,6480,9000,6960,7560,7800,7020,7740,6420,7440,8520,7560,6780,6180,7200,6660,7260,7560,8220,8400,8580,8460,7260,7800,8640,7140,8940,7320,8400,6600,7980,7440,7080,7620,8460,6780,7980,8040,6000
530,8460,6840,8340,7740,9060,6540,8400,7020,8160,7980,7320,9720,7080,7140,9720,7740,8520,6300,9600,6240,8160,7080,7860,6900,7200,7800,7980,7080,6420,6960,7200,5700,8160,8400,7920,8940,8040,8400,8040,7080,8640,7320,8460,7740,8340,7680,7140,7740,6600,8280,7560,7560,7320,7320,6300
536,8340,6900,8040,9000,7860,7080,7440,7020,9000,7560,8820,8940,6720,8820,8100,7800,7800,7500,8100,7200,7740,7500,7860,6780,7800,7260,7860,7080,6420,7020,6960,6780,7560,8220,8580,8880,8640,6600,8160,8220,7200,9120,7680,7440,8100,7980,6600,7320,7500,8280,6900,8640,7680,6540,6840
540,8100,6780,7440,9000,6600,7500,6780,7920,7860,7440,8580,8340,6480,8940,7800,8280,6480,9180,6420,7320,6840,7020,7680,6360,7320,7980,7380,5820,6240,7020,6600,6960,7680,7200,8280,8160,8040,6960,7440,7980,7260,8040,7380,8040,6840,8580,6060,7380,7200,8340,6720,7260,7260,6300,7440
543,7140,8160,7020,8640,6360,8460,6420,8220,7680,7020,9180,7320,6900,9300,7440,9000,5640,8880,6720,7680,6660,7080,7140,6660,7080,7680,7620,5940,5640,7440,6360,6960,8400,6240,8700,8340,7500,7980,6480,8460,6720,8280,6840,8040,7440,7320,6720,6960,8040,7800,7200,7380,7680,5640,8160
547,7500,8940,8640,8820,7440,8700,7920,8580,7980,8280,10860,7140,8400,10080,7740,9600,8040,9000,7560,8220,7800,9840,7980,8040,7920,8940,8160,7080,6960,7740,6060,8520,9420,8160,9600,10020,7440,9240,8640,8400,7980,10020,7620,8400,9480,6720,7980,7800,9480,8160,8100,8820,8160,7140,8580
553,8040,9420,10020,8640,8040,9480,8220,9000,8160,10320,10440,8640,10320,9120,9360,9840,9300,8760,8880,8940,9300,8940,7800,9240,8520,9300,8580,7500,7620,8160,7740,8880,9480,9840,9900,10620,7440,10080,9780,8280,10380,8220,9360,9120,9660,7260,9240,7860,10080,8520,8880,8760,8880,7800,8340
559,9300,9000,9960,7860,9300,8580,9300,8520,8220,11640,8700,8460,10680,8520,10980,8220,9780,8160,9240,8400,10020,7800,8760,9060,9240,9000,7080,7080,9000,7140,8640,9780,8940,10500,10200,8880,9300,9180,9540,8640,10440,7920,9900,9300,7980,8280,8340,9540,9240,8580,9180,8580,7560,9420,8340
563,9480,10020,8520,8340,9480,8160,9540,7860,10140,10620,8340,9360,10020,9000,10560,8460,9420,8280,9360,8940,9660,8400,8340,8220,9480,8580,7980,7080,8700,6720,8880,10080,9300,9900,10920,7560,10020,9420,9000,8820,10080,8340,8880,10320,7200,9000,7920,10200,8580,8820,9180,8880,7620,9180,7680
566,6000,6060,5460,5580,5820,4740,6000,5160,6840,6180,6000,5700,6720,5760,6780,6600,5820,6000,5700,6360,6300,5100,6540,4800,4980,5460,5340,5040,5280,5160,5820,5220,6660,7200,6120,4920,6120,6120,5280,5940,5760,4620,5460,7020,4440,5820,5040,6180,5400,5520,5640,5160,5160,5520,4860
572,3780,4800,4080,4500,3540,3420,3720,3660,5160,2940,4500,4260,3840,4680,3900,4560,3900,4080,3480,4020,4500,3120,3540,3480,3420,4080,2880,3780,3600,3720,4380,3000,4920,4260,3840,4140,3600,3480,3540,3960,3780,3660,3960,3780,3360,3120,4140,4080,3780,3660,4020,3480,3480,4320,2760
575,4260,4620,3960,4200,3540,3600,3720,4260,4620,2940,4500,4380,3960,4560,4020,4800,3540,4020,3660,4260,3840,3360,3600,3720,3300,3720,3240,3900,3360,3960,3840,3900,4920,4020,3480,4320,3180,4200,3240,4440,3300,3660,4560,3180,3660,3360,4500,3480,4020,3660,3720,3540,3960,3780,3600
579,4020,4440,4380,4080,2820,3720,3660,4800,3840,3840,4200,4260,4080,4320,4620,3960,3960,3420,4020,4800,3000,3660,3060,3600,3720,4020,3360,3720,3480,4080,3600,4500,4440,4200,3000,4140,3660,3540,3720,4260,3180,3060,4920,2760,4440,2940,4500,3420,4260,3480,3780,3480,3960,3420,4020
583,4440,3900,4500,4140,2940,3840,3720,4860,3240,4140,4200,4140,4500,3660,4500,4020,4080,3120,4140,4920,2700,3720,3240,3180,3960,3780,3300,3780,3660,3960,3060,5100,4200,4200,3360,3480,3720,3780,3660,4020,3180,3900,4200,2880,4080,3180,4680,3360,3780,3480,3480,3600,4020,3180,4320
592,6360,6180,6480,5040,5520,5760,6180,5940,5640,5700,5700,5880,5640,5820,6480,5580,4920,5580,6480,5160,5340,4920,5820,5280,6240,5340,5280,5520,5640,5700,6480,6720,5820,4320,6300,4680,4980,5340,5520,5040,4560,6480,4440,6000,5220,6900,5580,6360,5520,5580,5640,6120,5880,6060,5700
598,6300,7380,5880,4740,5700,5820,6900,4560,6360,5760,6120,5220,5280,6420,6360,6060,4800,5820,6960,4500,5340,5640,5160,5760,5880,5040,6060,5580,5820,5700,6840,5880,6360,4860,5040,4860,5220,5040,6000,4800,5520,5820,4680,6540,5220,6720,5760,6000,5100,5820,5940,6060,5220,6600,5700
602,6000,6900,6060,4920,5820,6000,6240,4980,6120,5760,5520,6120,5640,6120,5940,5580,4980,6180,6660,3840,5580,5760,5760,5640,5400,5340,5940,5220,6540,5760,7080,5460,5220,5520,5220,4920,5280,5400,5580,5040,5460,5580,5400,5520,6540,5940,5820,5280,5880,5880,5760,6420,5880,5820,5640
608,6180,6420,4920,5640,5520,6960,5580,5580,5880,5460,5760,5700,5940,6840,5280,5040,5580,7200,4560,5100,5220,5880,5520,5820,5340,5340,5820,5640,5880,6720,6360,5880,4800,5880,4500,5280,5400,5640,5400,4860,5880,4740,6060,5340,7020,5580,6300,5460,5640,5760,6060,6180,6240,5280,6360
612,6900,5700,5100,5520,6240,6540,4560,6240,6060,6060,5160,5400,6540,5820,6240,4680,5700,7200,4560,5160,5580,5280,5640,5760,5340,5760,5760,5820,5820,7080,5520,6360,4920,5220,4740,5400,4860,6000,5040,5460,5820,4560,6540,5340,6660,5760,5940,5160,5820,5940,6360,5400,6060,5640,6480
617,6540,6240,4920,5580,6420,5520,5160,6000,5880,5700,5700,5640,6360,6480,5160,4920,6120,6300,3960,5280,5580,5880,5220,5760,5280,5880,5220,6600,6300,6180,5700,5340,5100,5040,4860,5220,5280,5640,5100,5220,5580,5460,5700,6000,6240,6060,5460,5400,5940,5580,6480,6360,5460,5940,5400
623,3420,2580,2400,2460,3660,2340,3360,2580,2880,2400,2700,2580,3300,2460,2220,2640,3540,2760,2040,1860,3060,2700,2220,2700,2520,2400,2340,2580,2820,3060,2580,2160,2820,1620,1920,2820,2280,2760,1680,2280,2280,2220,3120,3480,2820,3180,2400,2880,2280,3180,3480,2940,2460,3000,2460
627,3360,2400,2460,3060,2940,1920,3720,2760,3300,1560,2820,3120,3360,2700,1800,3420,3660,1860,2040,2340,2760,3060,2520,2700,2160,2520,2820,3000,2820,2580,2700,2220,2580,1860,2280,2880,2460,2280,1980,2460,2040,3000,2700,3180,3480,3180,1980,3060,2160,3300,3840,2400,2580,3180,2340
632,3240,2580,1860,3660,3000,2220,2940,3060,2880,1800,3180,2880,3300,2580,2100,3720,3000,1620,2160,3060,2820,2400,3120,2460,1860,2700,3000,2940,2580,3120,2340,2040,2460,2040,2520,2640,2760,1680,2100,2760,2160,2760,3120,3180,3420,2940,2280,2820,2520,3240,3600,2880,2640,2520,2340
637,3240,1860,1680,2340,2160,2220,1980,3240,2580,2400,1080,3060,2340,1860,2940,2820,3240,2220,2280,2460,2640,2700,3300,3120,2700,2460,2280,1380,2520,2100,3240,1980,3000,2460,1740,2160,1680,2100,2580,2220,1680,2880,2400,1560,2700,1740,2340,2460,2220,2400,2760,1800,2820,1980,2340,2640,2640,1800,2640,1740,2280,1500,2520,2520,2460,2040,2400,1920,2640,1800,2100,1860,2880,1920,1920,2040,2160,2520,2520,3000,2040,1860,1500,3240,3420,1560,3000,2700,3360,2580,2940,2400,1860,2700,1440,2340,2160,3120,3480,2460,2100,2940,2460,2580,2760,3060,2400,2640,2460,2280
638,1740,2520,1740,2280,2640,1980,3480,2160,2460,2280,3480,1140,1920,2700,2760,3000,3240,2160,2280,2580,2700,2700,3120,3540,2700,2160,1380,2220,2340,2640,1860,3660,2520,2280,2040,2160,1980,1980,2040,3180,2820,1680,1800,2340,2580,1680,2460,2460,2100,2400,2640,2160,2160,3120,2640,2220,2880,1920,1440,2340,2340,1680,2640,2280,2580,1740,1980,2460,2880,1920,1920,1620,2880,1980,1920,1920,2640,2400,2160,2700,2160,2460,3060,1680,3180,1500,3480,2520,2760,3060,2640,2040,3000,1980,2340,1560,2340,3540,2280,3300,2700,2340,2280,2400,2940,2940,2700,2940,1980,2820
643,1680,2640,1980,2460,2640,1800,2580,3360,1980,1740,3300,1380,2220,2940,2700,3300,1560,2700,2760,2880,3120,2460,3480,3360,2520,1740,1800,1920,2340,3360,2220,3300,1980,1800,2160,2040,2580,1980,1980,2880,2760,1800,2880,1980,2340,1440,2220,2160,2280,2580,2460,2700,2160,3300,2520,1800,1800,2940,2460,1200,2220,2040,2280,2820,1680,2820,2400,1860,2820,1980,1740,2400,2100,2340,2220,1920,2220,2400,1920,3060,2040,2940,1320,2760,1920,3120,3720,2940,2820,2700,2340,1980,2880,1860,1680,2160,3240,2400,2280,4020,2460,2220,2520,2640,2460,3000,2340,2880,3540,2400
647,4140,3720,5400,5640,3480,4500,5400,5940,3720,6360,6060,6000,4200,3660,5820,5220,3720,3780,5040,5040,3720,4980,4140,4440,5040,4620,5400,3960,5160,3540,4800,4440,4860,4140,4560,4380,3600,4260,5160,4440,4380,4620,5160,6840,5280,4680,4440,4440,5520,5940,4980,5340,4740,4860,6240
652,3900,4260,5340,4980,3960,4800,5700,5820,4500,5820,6060,5100,3480,4800,5280,4860,4560,4020,4860,4440,3960,4620,4920,4020,4920,5520,4380,4800,4320,3840,4740,4380,4260,4740,3780,4680,3660,4560,5640,3900,4860,4560,6180,5640,5220,4560,4080,5520,5520,5100,4920,5940,5460,4440,6000
658,4020,4320,6120,3300,4560,4860,5940,3960,5520,5280,6840,3900,3420,5640,5100,3480,4200,4380,4500,4320,4980,3540,4260,4500,4920,4980,4380,4500,3600,4020,4140,4500,4320,4860,4080,3660,3720,4320,4620,4680,4020,4500,6780,5100,3960,4500,3840,5460,6180,4320,4980,4800,5220,5580,5700
664,3900,4620,5460,3300,4260,5460,5820,3420,6360,6180,5280,3540,3660,5640,4860,3360,3300,5100,4740,3660,4680,4140,4260,4680,4860,4920,3900,5100,3300,4200,4140,4980,4380,4140,4440,3300,4080,5220,3780,4320,4800,4860,6000,4680,4740,4020,4500,5400,5220,5040,5340,4620,4380,6420,6060
669,4200,5340,4800,4020,4380,5280,5580,3900,6060,6060,4920,3780,4620,5040,4380,4140,4320,4560,4260,4020,4260,4560,4020,4620,5460,4320,4440,3960,3600,4320,4260,4440,4980,3360,4560,3420,4320,5040,3720,4440,4740,5940,5460,4440,4740,3480,5760,5220,4860,4980,5460,5100,4260,6000,6120
672,3780,4740,3480,3360,3660,4860,4260,3720,4980,5460,3840,3060,4200,4560,3300,3540,4140,3540,3540,3480,3960,3900,4200,4200,5220,3540,4020,3480,3180,3420,3420,3780,4260,2820,4080,2700,3780,3840,3720,3780,3960,5820,4080,3480,4200,2700,4500,4740,4200,4080,4620,4980,4080,5100,4860
677,3060,4980,2280,3240,3960,4560,2760,4620,4560,5340,2760,2880,4380,3960,3180,3480,3480,3720,3120,3540,3660,3420,4200,4680,3720,3120,3900,2880,3840,2940,3240,3540,3720,2760,3600,2580,3660,3660,3720,4080,3360,5220,3540,3780,3780,2760,3840,4320,3540,3780,4140,3960,5400,3900,5040
680,3600,4260,2700,3360,3840,4980,2280,5400,4980,4200,3120,2880,4620,4200,3120,2940,3660,3720,3120,3780,3720,3600,3960,4980,3240,3000,4380,3060,3360,3120,3660,3720,3060,3660,2760,2760,4140,3180,3660,4260,4380,4320,3360,4260,3240,3360,4140,3780,3600,4260,4020,3660,5400,4320,4440
686,4080,4140,3120,3600,4200,4500,2940,5220,5040,3600,3120,4020,4680,3420,3960,3360,4200,3600,3060,4020,4200,3960,4260,4500,3180,4320,3540,3660,3420,3600,3480,4320,2520,4380,3000,2880,4200,3540,4080,4380,5100,4080,3480,4440,2520,4320,3900,4020,4200,4380,4860,4140,5340,4800,4440
691,5040,3000,3060,3600,5040,3360,3540,5400,5820,2880,3000,4440,4560,3360,3600,3780,4200,3060,3900,3420,4200,4380,4980,3780,3420,4560,3060,4380,3000,3420,3900,3840,3060,4080,2520,3360,4140,3900,4080,4020,5640,3600,3660,3960,3060,3900,4200,4200,4260,4260,4980,5100,3900,5760,4080
696,4500,3060,3420,3720,5040,2820,5460,4440,5160,3000,3000,4740,4320,3180,3720,3840,4440,2820,4080,3660,3960,4080,5160,3600,3360,4620,3240,3960,3120,3780,3720,3780,3480,3360,3000,4140,3720,3720,4560,4140,4800,3840,4140,3720,3240,4020,4020,4500,4260,4440,4260,5700,4200,5340,4500
703,3960,3120,3480,4560,4020,2700,5700,5160,3540,3240,3900,4500,3540,3900,3540,4200,3600,3120,3720,4500,4020,4320,4380,3360,4740,3240,3840,2940,3780,3840,4080,2400,4320,3120,3060,3900,3900,4080,4020,5700,3840,3060,4860,2400,3960,4080,4200,4020,4740,4740,4380,5100,4860,4200,4620
708,3180,3060,3480,4920,3240,4140,4680,5760,2700,3000,4320,4320,3240,3720,3300,4260,2820,3900,3660,3840,4080,5280,3600,3240,4380,3300,4380,2640,3540,3900,3960,3060,3960,2700,3420,4020,3780,4080,3840,5580,3480,3780,3720,3060,4080,4080,4320,4140,4140,4800,5100,3720,5820,4260,4080
712,2520,3120,2520,3600,1680,3720,4320,3120,2400,2160,3720,3120,2640,3360,3180,3180,2220,3360,2760,3060,2820,3960,2700,2880,4080,2580,3060,2580,2580,2820,2640,3300,2700,2760,2340,3180,3360,3180,3240,4500,2580,3660,2880,2820,3060,3060,4020,3060,3480,3360,4860,3120,4440,3300,3180
717,2220,3420,3120,2520,2340,4200,3960,2940,2340,2640,3600,3000,2520,3240,3300,3000,2520,2820,3480,2760,3180,3720,2880,3660,3060,2760,2580,2640,3120,2880,2220,3480,2880,2700,2520,3180,3480,3480,3780,3600,2640,3840,2580,2940,3060,3300,3720,3060,3720,3960,4080,3900,3240,3780,3600
723,2760,3000,3300,2040,2820,4260,4080,2520,2700,2760,3300,2820,3060,2820,3660,2820,2520,2520,3780,2940,3480,3060,2880,3780,3000,2640,2580,2940,3000,2760,1920,3720,2940,2820,2820,3360,3120,3420,4500,2640,3300,3600,2400,3060,3300,3720,3540,3180,3720,4260,3180,4020,3720,3360,3000
727,2760,3060,3300,1860,3000,4320,3780,2340,2280,3180,3060,2640,3780,2880,3360,2280,3120,2880,3000,3180,3960,3000,2640,3720,3060,2760,2760,2700,2640,3000,3240,2460,3000,2580,2880,3300,3300,3120,4620,2640,3420,3240,2520,3240,3180,4080,3180,2880,4200,4500,2880,4980,3060,3240,3180
731,60,420,240,120,600,360,360,180,300,300,240,420,660,180,480,180,360,60,240,240,360,420,120,360,240,300,360,120,540,420,360,300,360,360,360,540,60,300,300,480,300,540,360,300,300,300,180,420,300,720,240,480,240,360,480
733,3480,2880,3120,1980,5040,4140,3240,2820,2760,3480,3300,2700,3840,3480,3360,2640,3360,3060,3180,3240,4020,3120,3720,3600,3000,2880,2580,3300,3180,2520,3600,2940,3240,2520,3780,3720,3360,3780,4260,3000,4440,2760,3180,3420,3360,4260,3120,3960,4560,4680,3360,4140,3780,3660,3300
737,3240,3480,2700,2820,4800,4260,3120,3000,2940,3660,3120,3180,3540,3660,3420,2640,3120,3420,3480,3360,4140,2880,3840,3840,2400,2880,3540,3240,3060,2640,3600,3120,3360,3120,3840,3360,4080,4560,3120,3120,4500,2700,3420,3360,4080,3900,3480,4200,4080,4500,3900,4140,4020,3840,3420
740,3420,3420,2100,3540,4440,4500,3060,2580,3120,3660,2820,4140,3000,3840,2940,3240,2640,3420,3360,3600,3900,2880,4320,3180,3120,2460,3180,3360,3360,2880,3420,3060,3060,3180,3780,3480,3660,4860,2940,3720,3960,3180,3060,3540,4260,3840,3420,4020,5040,3300,4560,3660,4140,3300,3900
745,3360,3300,2280,4140,4620,3840,2700,2460,3540,3300,3060,4140,3420,3720,2520,3480,2940,3360,3600,3960,3000,3540,3960,3540,2640,2880,2940,3120,3240,3480,2820,3540,3060,3240,3840,3480,3660,4740,3120,3420,3960,3180,3120,3000,5100,3480,3120,4380,5160,3480,4740,3720,3600,3420,4260
749,3180,3180,1980,4920,4560,3300,2580,2940,3360,3360,3180,3660,3780,3360,2460,3480,3240,3180,3540,3900,3060,3480,4440,2640,2880,2820,3600,3120,2820,3720,2880,3420,2760,3780,3540,3900,3600,4260,3120,4380,2820,3300,3540,3180,4500,3240,4440,4020,4800,3420,4440,3960,3600,3540,4020
754,3660,2400,3120,4200,4500,3180,2700,2940,3360,3180,3300,3780,3600,3420,2760,3000,3300,3360,3600,3960,2880,3600,3960,2400,3180,3120,3420,2940,2880,3420,3120,3420,3060,3840,3120,4080,4560,3000,3240,4320,2940,3120,3240,4200,4140,3540,3720,4740,3840,4080,4440,3660,3840,3420,4020
758,2820,2520,3720,4380,4260,3120,2400,3240,3540,2880,4080,3180,4020,2520,3300,2760,3240,3780,3480,3480,3120,4320,3000,3000,2640,3180,3180,3420,3060,3240,3060,3240,3060,3720,3420,3900,4980,2820,3600,4080,3000,2640,3300,4500,4200,3060,4500,4920,3060,4800,3720,4200,3240,3900,3600
764,3120,2340,4380,4560,3600,2940,2340,3480,3300,2880,4320,3480,3540,2400,3660,2640,3600,3660,3540,3120,3540,4140,3180,2520,2820,3420,3060,2940,3600,3000,3540,2700,3600,3840,3840,3360,4440,3300,3840,3480,3120,3600,3060,4740,3420,3780,4020,5400,3000,4800,3720,3480,3120,4140,3300
767,2580,3120,4020,4560,3480,2520,3180,3240,3180,3360,3900,3660,3420,2880,2880,3360,3240,3300,3900,3180,3240,4500,2700,2640,3000,3540,2940,3060,3480,2760,3420,2880,3780,3900,3840,3660,4080,3120,4320,2940,3180,3540,3360,4560,3240,4140,4500,4260,3600,3840,3780,3960,3600,4260,2220
772,1920,2640,3600,3300,2280,1860,2760,2880,2400,3000,2640,3480,2760,2160,2880,2700,3240,3300,2880,2880,2880,2820,2520,1620,2520,2760,2460,2280,3060,2040,3060,2340,2940,2400,3240,3720,2280,3300,2880,2700,2340,2460,3600,3240,2400,3540,3600,3060,3240,3660,2700,2700,2820,3180,1740
778,2460,3120,3720,2580,2340,1620,3300,2400,2760,3060,2580,3360,2400,2700,2580,3000,3960,2220,3000,3120,3420,2640,1800,1680,2700,2820,2640,2340,2400,2880,2280,2700,3240,3120,2520,3420,2700,3060,2640,3000,1920,2640,3660,2820,2700,3720,3900,3000,2820,3420,3180,2220,3480,2460,1440
784,2400,3300,3360,2880,1740,2460,2640,2700,2340,3660,2760,3060,2580,2700,2640,3480,2820,2820,3180,2760,3180,2700,1440,2100,2940,2700,2400,2700,2100,3180,2160,2700,2940,3420,2520,3540,2700,3660,2220,2520,2880,2520,4080,2340,3060,3480,3540,3000,3360,3000,2820,3000,3240,2040,1620
788,2760,3480,3540,2220,1920,2580,2640,2640,3060,2760,3360,2880,2160,2820,2640,3420,3060,2820,3060,2640,3180,2400,1500,2760,2700,2160,2160,3240,1800,3300,2400,2880,2640,3360,3000,2880,3300,3060,2520,2520,2340,3480,3480,2460,3240,3540,3240,3060,3480,3060,2820,2700,3240,1740,2040
791,2940,3360,3240,2460,2040,2580,2940,2400,3120,2520,3780,2400,2460,2700,2760,4200,2160,2520,3300,3120,2700,2340,1440,2580,2640,2880,2220,2520,2220,2940,2400,3180,2460,3360,3300,2340,3600,2880,2820,1860,3000,3300,3420,2100,3840,3420,3300,2820,3720,3120,2100,3180,2880,1740,2040
798,3240,3540,2880,2160,1740,3060,2520,2640,3480,2400,3660,2460,2520,2580,3480,3300,2280,3600,2460,3180,2820,1740,1620,2700,2760,2640,2400,2340,3000,2160,3120,2700,3120,2760,3540,2280,3000,2820,2880,2340,2520,4020,2640,2580,3900,3840,2940,3120,3000,3300,2340,3000,2820,1560,2700
800,3180,3300,2820,1800,2280,2700,2820,2400,3360,2940,3000,2640,2640,2520,3600,3060,2280,3540,2640,3180,2700,1620,2100,2820,2340,2640,2640,2100,3240,2160,2820,2820,3480,2520,3600,2580,3480,2160,2580,2580,2580,4200,2220,3360,3240,3600,3060,3300,2940,3000,2760,3120,2280,1380,2880
805,2940,2700,2160,1680,2040,2460,2580,2400,2640,3060,2520,2220,2760,1980,3480,2460,2100,2940,2820,2640,2220,1320,2640,2460,2340,1800,2820,2160,2760,2040,2340,2220,3180,2340,2880,2700,3000,2400,1980,2520,2940,3180,2340,3060,3180,2520,3120,3180,2640,2760,2280,2460,1740,1620,2460
808,2940,2640,2280,1740,2400,2520,2400,2700,2340,3360,2280,2160,2520,2220,3780,2040,2160,3060,2880,2460,2340,1140,2460,2700,2340,2400,2460,2160,2820,1860,2640,2100,3000,2880,2280,3360,2700,2580,1620,2700,3000,2940,2280,3360,3240,3300,2520,3120,2820,2160,2820,2400,1620,1560,2340
812,2700,2880,1920,1560,2760,2460,2400,2700,2340,2880,2280,2520,2160,3000,3180,1740,2640,3120,3060,2280,1560,1500,2340,2760,2460,2340,2160,2820,2040,1980,2760,2580,2700,3180,2040,3240,2580,2580,2040,2400,3600,2340,2400,3420,3300,2940,3000,2880,2880,2040,2880,1980,1380,2040,2340
816,600,540,540,540,780,420,600,720,480,300,600,660,660,540,540,480,360,900,360,840,360,300,360,300,480,360,480,240,420,660,600,780,360,300,540,660,720,360,600,300,480,600,360,720,1320,240,660,360,300,480,480,720,360,900,480
817,2460,2940,1740,1920,2520,2640,2160,3000,2340,3120,2340,2460,2100,3000,3000,1500,3420,2520,3000,2340,1680,1980,2280,2700,2220,2700,1980,2760,1680,2460,2640,2700,2580,3420,2220,2820,2640,2340,2160,2580,3480,2280,2940,3300,3120,2820,3240,2520,3120,2040,2520,2040,1440,2400,2640
821,3120,3060,2460,2760,2760,3120,3120,3300,3360,3000,2820,3420,2460,4260,3120,1980,3840,3540,3120,3180,1440,2940,2760,2760,2280,3000,2520,3240,2520,3360,2580,3900,2340,3420,3300,3420,3060,2460,2700,3240,4020,2940,4020,3720,3540,3480,3720,2940,2880,3120,2820,2580,1920,3360,3300
826,3360,2940,2400,3060,2940,3060,3180,2940,3660,2880,2940,3240,2880,4080,2760,2760,3600,3720,2760,3120,1500,2760,2820,2760,2820,2580,2640,3240,2400,3420,2460,3900,2760,2940,3720,3600,2940,2100,3000,3720,3540,2520,3900,4320,3900,2940,3600,2820,2640,3600,2700,2100,2280,2880,3780
830,4020,2460,2040,3480,2760,3000,3360,2760,3300,3060,3180,2640,3840,3780,2100,3360,3600,3180,3240,2100,1800,2700,2940,3060,2820,2640,3000,2400,2640,3360,3360,3300,3360,2460,3420,3240,2880,2760,3000,3540,3120,3120,4080,4260,3600,3480,3060,3420,2340,3360,2760,1860,2820,3000,3480
835,3540,2520,2280,3240,3240,2760,3660,3000,3420,2820,3120,3000,3660,3420,1920,3960,3300,3120,3360,1800,2640,2280,3120,2520,2940,2640,3000,2280,3360,3180,3720,2340,3600,3240,3360,3180,2640,2580,3360,3960,3000,3840,4020,3300,3360,3840,2820,3360,2640,2940,2700,2040,3240,3180,3480
839,3120,2340,2760,2760,3120,3240,3240,3240,3120,3120,3180,2880,3720,3360,2040,3840,3540,2880,3240,1500,2700,2700,3120,2340,2940,2580,3300,2460,3360,2460,3660,2820,3420,3180,3540,3120,2460,2700,3240,4440,2520,4020,4200,3360,3540,3300,3180,2760,3240,2640,2460,2220,2880,3780,3180
846,2820,2160,3060,2880,2880,4020,2520,3480,3240,2700,3060,3780,3600,2400,3120,3540,3480,2880,2400,1620,2760,3000,2820,2880,2460,3000,2640,2340,3600,2940,3720,2940,2940,3240,3480,3240,2220,3060,3600,3300,3120,3960,4140,3600,3480,3120,3480,2220,3480,2400,2280,2460,3000,3660,2760
850,1980,2160,3060,2880,2400,3600,2700,3180,3060,3240,3000,3240,3540,1800,3360,3420,3000,2880,2100,2100,2220,3060,2640,2640,2340,3060,2280,2700,2880,3540,2940,3420,2820,3360,3180,2580,2520,2940,3540,2880,3300,3840,3720,3540,3300,2880,3240,2700,2700,2580,2100,2880,3180,3060,2880
854,2280,2340,3000,2760,3060,3120,3180,3060,3060,3180,2820,3720,2820,2220,3360,3240,2760,3180,1680,2460,2280,3120,1920,2820,2580,3120,2340,3240,2640,3240,2880,3120,3180,3420,3000,2400,2340,3300,4080,2580,3240,3720,3480,3840,3120,2940,2760,2880,2940,2340,2400,2760,3360,3180,3240
858,2520,2340,2700,2820,3660,2700,3180,2940,3180,3060,3120,3600,2940,2100,3480,3600,2160,3300,1500,2400,2400,3180,1980,2700,2640,2940,2340,3480,2460,3300,2700,3360,2880,3600,3060,1980,2640,3240,4020,2400,3540,3900,3420,3480,3300,2880,2760,3000,2520,2580,2220,2700,3600,3060,3180
863,2100,2940,2940,2580,4080,2820,3300,3120,3120,3120,3840,3780,2040,2940,3720,3120,2880,2760,1560,2820,2760,3180,2760,2280,3120,2940,2220,3540,3240,3540,2880,3120,3180,3540,3300,2160,3240,3120,3120,3300,4020,3780,3600,3480,3060,3420,2100,3420,2160,2700,2700,2940,3720,2760,3420
867,2220,3240,2820,2580,3900,2820,3000,3300,3300,3120,3480,3780,2040,3060,3300,3360,3120,2340,2160,2460,3000,2820,2640,2340,3300,2880,2760,2760,3720,3000,3300,3060,3360,3240,3000,2400,3480,3180,3000,3420,3960,3960,3720,3240,2760,3360,2580,3120,2520,2280,2760,3240,3540,2880,3480
871,2220,3180,3060,2820,3300,3360,3060,3420,3120,3180,4020,3060,2340,3180,3540,3120,2940,1980,2520,2400,3540,2100,2760,2700,3300,2520,3540,2700,3360,3000,3300,3240,3000,3300,3000,2400,3480,3660,2940,3720,3960,3120,3960,3360,2760,2820,3000,3000,2460,2520,2460,3480,3420,3360,2940
875,2280,2940,3060,3540,3000,3180,3120,3120,3300,3600,3660,2940,2580,3600,3360,2340,3660,1500,2520,2580,3660,2100,3000,2520,3060,2700,3660,2520,3240,2940,3720,2940,3240,3480,2400,2640,3360,3840,2880,3420,4200,3720,3480,3540,2580,2760,3240,2640,2700,2400,2640,3900,3120,3300,2760
880,2580,2940,2340,4380,2760,3180,3300,3120,3180,3600,3600,2520,2460,3720,3000,2760,3060,1680,2700,2580,3240,2940,2160,3180,2880,2280,3660,2820,3660,2640,3600,2820,3360,3420,2160,3300,3300,3600,3000,4140,3780,3840,3060,3180,3360,2340,3000,2280,3120,2340,3060,3900,2640,3180,3600
885,3120,2700,2520,3900,3000,3240,3120,3540,2940,3780,3540,2400,2940,3240,3420,2880,2640,2040,2400,2760,2940,2880,2220,3240,3060,2880,2340,3660,3120,3000,3360,3180,3000,3120,2280,3900,3060,3240,3420,4020,3600,3720,3360,2880,3180,2460,3240,1920,2640,2700,3540,3360,3180,3180,3180
889,3060,3000,3000,3300,3480,2820,3660,3240,3120,3300,3300,2520,3240,3120,2940,3180,2220,2520,2400,3480,1860,3000,2880,3060,2760,3600,2220,3240,3360,3240,3240,2760,3480,2940,2460,3660,3600,2880,3600,4140,3600,3600,3600,2640,2880,3180,2700,2220,2940,2280,3840,3300,3240,3000,3180
894,2940,2820,3780,2820,3420,3420,2940,3240,4020,3240,2880,2460,3360,3540,2520,3180,1680,2640,2760,3300,2580,2700,2820,2880,2700,3660,2820,3120,2940,3240,3300,3000,3780,2040,2580,4080,3600,2700,3900,4020,3600,3660,3240,2820,2700,3360,2580,2640,2580,2640,4260,2520,3420,3300,3360
898,2880,2280,4320,2580,3420,3240,3240,3000,3480,3780,2520,2640,3300,3420,2640,3060,1620,2760,2520,3180,2700,2520,2940,3060,2220,3360,3300,3360,2520,3960,2640,3480,3300,2220,3720,2580,3720,3240,3960,3900,3900,3420,3000,3060,2520,2940,2280,3300,2220,3240,3600,2940,3180,3480,3060
903,2820,2580,3780,3120,3060,3480,3360,2940,3900,2880,2940,3000,3000,3420,2700,2820,2280,2520,2940,2460,3180,2160,3300,2820,3240,2400,3360,3240,3060,3600,2640,3300,3120,2280,3960,3120,3420,3420,3960,3540,3720,3720,2520,3240,2760,2940,2040,3000,2640,3540,3360,3480,2640,3540,2940
907,2760,3120,3660,3180,3120,3300,3540,2880,3600,3420,2520,3240,2940,2700,3360,2280,2460,2520,3360,1920,2880,2640,3240,2580,3660,2160,3420,3240,3240,3180,2700,3600,2820,2280,3780,3660,2760,3660,4080,3660,3600,3600,2700,2580,3300,2640,2040,2880,2280,4140,3240,3300,2880,3120,3180
911,2400,3300,2640,2820,2640,2820,2940,3060,2760,2760,2160,2460,3120,2100,2820,1620,2460,2220,2580,1860,2160,2700,2040,2040,2580,1980,2700,2340,2760,2220,2460,2640,1920,2280,2940,2580,2460,3240,3600,2940,3120,2880,2160,2520,2100,2280,2040,2040,2040,3420,2220,2460,3000,2940,2340
914,2160,3600,2520,2820,2760,2880,2820,3060,2880,2520,2040,2400,3120,2160,2700,1740,2220,1860,2700,1980,2340,2400,2100,2220,2460,2400,2460,2160,3300,1920,2520,2700,1920,2640,2520,3060,2460,3240,3300,3240,2880,2880,2220,2280,2220,2040,2460,1500,2760,3060,2400,2640,3000,2820,2280
919,2220,3840,2940,3060,2940,3600,2640,3960,3000,2340,2520,3060,3300,2880,3000,2520,2220,2040,2820,2820,2520,3120,2640,2580,2280,2820,3360,2640,3600,2700,2820,2880,2220,3420,2640,3540,3120,3540,3660,3180,3720,3060,2460,2460,2580,2460,2460,2340,3000,3120,3480,2640,3180,2940,3180
